{
  "generatedAt": "2026-06-06T22:50:41.169Z",
  "generation": 1,
  "generations": 1,
  "mode": "evolve",
  "matches": 1,
  "seed": 20260606,
  "playerCount": 6,
  "auctionType": "Vickrey",
  "opponentProfile": "mixed",
  "workers": 1,
  "stats": {
    "fixedOpponentCount": 14,
    "peerOpponentCount": 2,
    "population": 2
  },
  "result": {
    "id": "gen-1-0",
    "config": {
      "bidMultiplier": 2.1631045558489856,
      "firstPriceShade": 0.6954751376528292,
      "maxBidBalanceFraction": 0.15535730230621994,
      "reserveBalance": 9,
      "cashInMinScore": 56,
      "finalDump": true,
      "minBid": 6,
      "endgameMultiplier": 4.915409435518086,
      "finalAuctionMultiplier": 0,
      "qPenalty": 0.18656879491172731,
      "synergyMultiplier": 0.8522242357721552
    },
    "avgScore": 63,
    "avgRank": 4,
    "winRate": 0,
    "fitness": -42
  },
  "config": {
    "bidMultiplier": 2.1631045558489856,
    "firstPriceShade": 0.6954751376528292,
    "maxBidBalanceFraction": 0.15535730230621994,
    "reserveBalance": 9,
    "cashInMinScore": 56,
    "finalDump": true,
    "minBid": 6,
    "endgameMultiplier": 4.915409435518086,
    "finalAuctionMultiplier": 0,
    "qPenalty": 0.18656879491172731,
    "synergyMultiplier": 0.8522242357721552
  },
  "top": [
    {
      "id": "gen-1-0",
      "config": {
        "bidMultiplier": 2.1631045558489856,
        "firstPriceShade": 0.6954751376528292,
        "maxBidBalanceFraction": 0.15535730230621994,
        "reserveBalance": 9,
        "cashInMinScore": 56,
        "finalDump": true,
        "minBid": 6,
        "endgameMultiplier": 4.915409435518086,
        "finalAuctionMultiplier": 0,
        "qPenalty": 0.18656879491172731,
        "synergyMultiplier": 0.8522242357721552
      },
      "avgScore": 63,
      "avgRank": 4,
      "winRate": 0,
      "fitness": -42
    },
    {
      "id": "gen-1-1",
      "config": {
        "bidMultiplier": 2.498746666871011,
        "firstPriceShade": 0.4628626693040132,
        "maxBidBalanceFraction": 0.2158827729523182,
        "reserveBalance": 44,
        "cashInMinScore": 24,
        "finalDump": true,
        "minBid": 4,
        "endgameMultiplier": 5.585577418003231,
        "finalAuctionMultiplier": 0,
        "qPenalty": 0.4199159454088658,
        "synergyMultiplier": 2.1315934273647144
      },
      "avgScore": 63,
      "avgRank": 4,
      "winRate": 0,
      "fitness": -42
    }
  ]
}