{
  "games": 30,
  "seed": 20260607,
  "players": 3,
  "caps": [
    1,
    2,
    5
  ],
  "fields": {
    "hoarder_mixed": [
      "hoarder",
      "low-bankroll-saver",
      "exploit-lisan",
      "q-averse",
      "aggressive"
    ],
    "strong_mixed": [
      "hoarder",
      "word-ev-max",
      "exploit-lisan",
      "low-bankroll-saver",
      "q-averse"
    ],
    "lisan_like": [
      "base-lisan",
      "exploit-lisan",
      "q-averse",
      "low-bankroll-saver",
      "random-noisy"
    ]
  },
  "results": {
    "hoarder_mixed": {
      "base": {
        "games": 30,
        "players": 3,
        "top1": 0.3333333333333333,
        "survive_not_last": 0.6,
        "last": 0.4,
        "avg_rank": 2.066666666666667,
        "avg_score": 147.5,
        "avg_score_delta": -40.6,
        "avg_balance": 13.166666666666666
      },
      "add-cap-1": {
        "games": 30,
        "players": 3,
        "top1": 0.16666666666666666,
        "survive_not_last": 0.4,
        "last": 0.6,
        "avg_rank": 2.433333333333333,
        "avg_score": 120.86666666666666,
        "avg_score_delta": -84.63333333333334,
        "avg_balance": 13.166666666666666
      },
      "add-cap-2": {
        "games": 30,
        "players": 3,
        "top1": 0.06666666666666667,
        "survive_not_last": 0.5,
        "last": 0.5,
        "avg_rank": 2.433333333333333,
        "avg_score": 115.1,
        "avg_score_delta": -108.26666666666667,
        "avg_balance": 11.7
      },
      "add-cap-5": {
        "games": 30,
        "players": 3,
        "top1": 0.16666666666666666,
        "survive_not_last": 0.3333333333333333,
        "last": 0.6666666666666666,
        "avg_rank": 2.5,
        "avg_score": 114.53333333333333,
        "avg_score_delta": -93.3,
        "avg_balance": 12.566666666666666
      }
    },
    "strong_mixed": {
      "base": {
        "games": 30,
        "players": 3,
        "top1": 0.2,
        "survive_not_last": 0.7333333333333333,
        "last": 0.26666666666666666,
        "avg_rank": 2.066666666666667,
        "avg_score": 131.46666666666667,
        "avg_score_delta": -37.7,
        "avg_balance": 10.366666666666667
      },
      "add-cap-1": {
        "games": 30,
        "players": 3,
        "top1": 0.16666666666666666,
        "survive_not_last": 0.4666666666666667,
        "last": 0.5333333333333333,
        "avg_rank": 2.3666666666666667,
        "avg_score": 114.43333333333334,
        "avg_score_delta": -73.23333333333333,
        "avg_balance": 9.333333333333334
      },
      "add-cap-2": {
        "games": 30,
        "players": 3,
        "top1": 0.13333333333333333,
        "survive_not_last": 0.5,
        "last": 0.5,
        "avg_rank": 2.3666666666666667,
        "avg_score": 115.4,
        "avg_score_delta": -67.36666666666666,
        "avg_balance": 8.166666666666666
      },
      "add-cap-5": {
        "games": 30,
        "players": 3,
        "top1": 0.03333333333333333,
        "survive_not_last": 0.3333333333333333,
        "last": 0.6666666666666666,
        "avg_rank": 2.6333333333333333,
        "avg_score": 111.76666666666667,
        "avg_score_delta": -62.666666666666664,
        "avg_balance": 8.1
      }
    },
    "lisan_like": {
      "base": {
        "games": 30,
        "players": 3,
        "top1": 0.43333333333333335,
        "survive_not_last": 0.7,
        "last": 0.3,
        "avg_rank": 1.8666666666666667,
        "avg_score": 144.2,
        "avg_score_delta": -18.033333333333335,
        "avg_balance": 10.866666666666667
      },
      "add-cap-1": {
        "games": 30,
        "players": 3,
        "top1": 0.23333333333333334,
        "survive_not_last": 0.5,
        "last": 0.5,
        "avg_rank": 2.2666666666666666,
        "avg_score": 125.63333333333334,
        "avg_score_delta": -46.266666666666666,
        "avg_balance": 7.9
      },
      "add-cap-2": {
        "games": 30,
        "players": 3,
        "top1": 0.23333333333333334,
        "survive_not_last": 0.4666666666666667,
        "last": 0.5333333333333333,
        "avg_rank": 2.3,
        "avg_score": 128.8,
        "avg_score_delta": -37.43333333333333,
        "avg_balance": 9.866666666666667
      },
      "add-cap-5": {
        "games": 30,
        "players": 3,
        "top1": 0.13333333333333333,
        "survive_not_last": 0.43333333333333335,
        "last": 0.5666666666666667,
        "avg_rank": 2.433333333333333,
        "avg_score": 110.43333333333334,
        "avg_score_delta": -71.26666666666667,
        "avg_balance": 7.233333333333333
      }
    }
  }
}