{
  "games_per_matchup": 3,
  "seed": 20260607,
  "caps": [
    1,
    2,
    4,
    8
  ],
  "opponents": [
    "hoarder",
    "exploit-lisan",
    "word-ev-max",
    "base-lisan"
  ],
  "matchups": {
    "hoarder": {
      "base": {
        "games": 6,
        "wins": 4,
        "losses": 2,
        "ties": 0,
        "win_rate": 0.6666666666666666,
        "avg_score": 267.1666666666667,
        "avg_score_delta": 69.83333333333333,
        "avg_balance_delta": -4.666666666666667,
        "bid_decisions": 606,
        "floor_activation_rate": 0.0,
        "floor_over_cap_rate": 0.0,
        "avg_opponent_visible_ev": 0.0,
        "avg_bid_delta": 0.0
      },
      "uncapped": {
        "games": 6,
        "wins": 3,
        "losses": 3,
        "ties": 0,
        "win_rate": 0.5,
        "avg_score": 294.1666666666667,
        "avg_score_delta": 131.0,
        "avg_balance_delta": 10.666666666666666,
        "bid_decisions": 555,
        "floor_activation_rate": 0.14594594594594595,
        "floor_over_cap_rate": 0.14594594594594595,
        "avg_opponent_visible_ev": 3.6882882882882884,
        "avg_bid_delta": 0.8918918918918919
      },
      "cap-1": {
        "games": 6,
        "wins": 3,
        "losses": 3,
        "ties": 0,
        "win_rate": 0.5,
        "avg_score": 247.0,
        "avg_score_delta": 27.333333333333332,
        "avg_balance_delta": -4.166666666666667,
        "bid_decisions": 580,
        "floor_activation_rate": 0.10689655172413794,
        "floor_over_cap_rate": 0.10689655172413794,
        "avg_opponent_visible_ev": 3.467241379310345,
        "avg_bid_delta": 0.10689655172413794
      },
      "cap-2": {
        "games": 6,
        "wins": 3,
        "losses": 3,
        "ties": 0,
        "win_rate": 0.5,
        "avg_score": 239.66666666666666,
        "avg_score_delta": 5.333333333333333,
        "avg_balance_delta": 21.0,
        "bid_decisions": 606,
        "floor_activation_rate": 0.11551155115511551,
        "floor_over_cap_rate": 0.11551155115511551,
        "avg_opponent_visible_ev": 2.8316831683168315,
        "avg_bid_delta": 0.2145214521452145
      },
      "cap-4": {
        "games": 6,
        "wins": 4,
        "losses": 2,
        "ties": 0,
        "win_rate": 0.6666666666666666,
        "avg_score": 267.5,
        "avg_score_delta": 68.5,
        "avg_balance_delta": 9.666666666666666,
        "bid_decisions": 529,
        "floor_activation_rate": 0.14555765595463138,
        "floor_over_cap_rate": 0.14555765595463138,
        "avg_opponent_visible_ev": 3.98109640831758,
        "avg_bid_delta": 0.4782608695652174
      },
      "cap-8": {
        "games": 6,
        "wins": 5,
        "losses": 1,
        "ties": 0,
        "win_rate": 0.8333333333333334,
        "avg_score": 296.6666666666667,
        "avg_score_delta": 130.0,
        "avg_balance_delta": 19.333333333333332,
        "bid_decisions": 606,
        "floor_activation_rate": 0.09075907590759076,
        "floor_over_cap_rate": 0.09075907590759076,
        "avg_opponent_visible_ev": 3.1567656765676566,
        "avg_bid_delta": 0.41254125412541254
      }
    },
    "exploit-lisan": {
      "base": {
        "games": 6,
        "wins": 1,
        "losses": 5,
        "ties": 0,
        "win_rate": 0.16666666666666666,
        "avg_score": 159.0,
        "avg_score_delta": -88.83333333333333,
        "avg_balance_delta": -56.833333333333336,
        "bid_decisions": 528,
        "floor_activation_rate": 0.0,
        "floor_over_cap_rate": 0.0,
        "avg_opponent_visible_ev": 0.0,
        "avg_bid_delta": 0.0
      },
      "uncapped": {
        "games": 6,
        "wins": 5,
        "losses": 1,
        "ties": 0,
        "win_rate": 0.8333333333333334,
        "avg_score": 300.0,
        "avg_score_delta": 164.83333333333334,
        "avg_balance_delta": -6.166666666666667,
        "bid_decisions": 528,
        "floor_activation_rate": 0.14393939393939395,
        "floor_over_cap_rate": 0.14393939393939395,
        "avg_opponent_visible_ev": 4.375,
        "avg_bid_delta": 0.9753787878787878
      },
      "cap-1": {
        "games": 6,
        "wins": 2,
        "losses": 4,
        "ties": 0,
        "win_rate": 0.3333333333333333,
        "avg_score": 191.16666666666666,
        "avg_score_delta": -15.0,
        "avg_balance_delta": -21.333333333333332,
        "bid_decisions": 528,
        "floor_activation_rate": 0.13825757575757575,
        "floor_over_cap_rate": 0.13825757575757575,
        "avg_opponent_visible_ev": 3.6382575757575757,
        "avg_bid_delta": 0.13825757575757575
      },
      "cap-2": {
        "games": 6,
        "wins": 2,
        "losses": 4,
        "ties": 0,
        "win_rate": 0.3333333333333333,
        "avg_score": 190.66666666666666,
        "avg_score_delta": -36.333333333333336,
        "avg_balance_delta": -75.66666666666667,
        "bid_decisions": 528,
        "floor_activation_rate": 0.17613636363636365,
        "floor_over_cap_rate": 0.17613636363636365,
        "avg_opponent_visible_ev": 3.590909090909091,
        "avg_bid_delta": 0.3352272727272727
      },
      "cap-4": {
        "games": 6,
        "wins": 3,
        "losses": 3,
        "ties": 0,
        "win_rate": 0.5,
        "avg_score": 240.0,
        "avg_score_delta": 67.5,
        "avg_balance_delta": 27.833333333333332,
        "bid_decisions": 528,
        "floor_activation_rate": 0.14015151515151514,
        "floor_over_cap_rate": 0.14015151515151514,
        "avg_opponent_visible_ev": 4.113636363636363,
        "avg_bid_delta": 0.3996212121212121
      },
      "cap-8": {
        "games": 6,
        "wins": 4,
        "losses": 2,
        "ties": 0,
        "win_rate": 0.6666666666666666,
        "avg_score": 252.33333333333334,
        "avg_score_delta": 87.0,
        "avg_balance_delta": 13.5,
        "bid_decisions": 528,
        "floor_activation_rate": 0.10984848484848485,
        "floor_over_cap_rate": 0.10984848484848485,
        "avg_opponent_visible_ev": 3.570075757575758,
        "avg_bid_delta": 0.4659090909090909
      }
    },
    "word-ev-max": {
      "base": {
        "games": 6,
        "wins": 6,
        "losses": 0,
        "ties": 0,
        "win_rate": 1.0,
        "avg_score": 389.6666666666667,
        "avg_score_delta": 320.8333333333333,
        "avg_balance_delta": -88.16666666666667,
        "bid_decisions": 528,
        "floor_activation_rate": 0.0,
        "floor_over_cap_rate": 0.0,
        "avg_opponent_visible_ev": 0.0,
        "avg_bid_delta": 0.0
      },
      "uncapped": {
        "games": 6,
        "wins": 6,
        "losses": 0,
        "ties": 0,
        "win_rate": 1.0,
        "avg_score": 387.8333333333333,
        "avg_score_delta": 315.5,
        "avg_balance_delta": -71.5,
        "bid_decisions": 528,
        "floor_activation_rate": 0.022727272727272728,
        "floor_over_cap_rate": 0.022727272727272728,
        "avg_opponent_visible_ev": 0.9829545454545454,
        "avg_bid_delta": 0.125
      },
      "cap-1": {
        "games": 6,
        "wins": 6,
        "losses": 0,
        "ties": 0,
        "win_rate": 1.0,
        "avg_score": 339.6666666666667,
        "avg_score_delta": 241.0,
        "avg_balance_delta": -104.5,
        "bid_decisions": 528,
        "floor_activation_rate": 0.045454545454545456,
        "floor_over_cap_rate": 0.045454545454545456,
        "avg_opponent_visible_ev": 1.678030303030303,
        "avg_bid_delta": 0.045454545454545456
      },
      "cap-2": {
        "games": 6,
        "wins": 5,
        "losses": 1,
        "ties": 0,
        "win_rate": 0.8333333333333334,
        "avg_score": 267.5,
        "avg_score_delta": 111.0,
        "avg_balance_delta": -117.0,
        "bid_decisions": 528,
        "floor_activation_rate": 0.07575757575757576,
        "floor_over_cap_rate": 0.07575757575757576,
        "avg_opponent_visible_ev": 2.757575757575758,
        "avg_bid_delta": 0.13068181818181818
      },