opponent,policy,games,wins,losses,ties,win_rate,avg_score,avg_score_delta,avg_balance_delta,bid_decisions,floor_activation_rate,floor_over_cap_rate,avg_opponent_visible_ev,avg_bid_delta
exploit-lisan,base,20,5,15,0,0.25,187.1,-42.15,-37.1,1760,0.0,0.0,0.0,0.0
exploit-lisan,uncapped,20,9,11,0,0.45,221.65,32.15,-16.25,1760,0.16420454545454546,0.16420454545454546,3.682386363636364,0.8102272727272727
exploit-lisan,cap-1,20,4,16,0,0.2,180.5,-54.05,-44.35,1760,0.1534090909090909,0.1534090909090909,3.465909090909091,0.1534090909090909
exploit-lisan,cap-2,20,8,12,0,0.4,203.85,-6.55,-22.6,1760,0.1534090909090909,0.1534090909090909,3.7130681818181817,0.2818181818181818
exploit-lisan,cap-4,20,5,15,0,0.25,179.05,-53.65,-63.4,1760,0.16022727272727272,0.16022727272727272,3.5090909090909093,0.5125
exploit-lisan,cap-8,20,11,9,0,0.55,252.0,83.1,-10.6,1760,0.18352272727272728,0.18352272727272728,4.542613636363637,0.8823863636363637
exploit-lisan,cap-12,20,12,8,0,0.6,280.45,134.0,-12.7,1760,0.1380681818181818,0.1380681818181818,4.230681818181818,0.7164772727272727
