{
  "games_per_matchup": 10,
  "seed": 20260607,
  "caps": [
    1,
    2,
    4,
    8,
    12
  ],
  "opponents": [
    "hoarder"
  ],
  "matchups": {
    "hoarder": {
      "base": {
        "games": 20,
        "wins": 11,
        "losses": 9,
        "ties": 0,
        "win_rate": 0.55,
        "avg_score": 230.5,
        "avg_score_delta": 6.85,
        "avg_balance_delta": -5.3,
        "bid_decisions": 2023,
        "floor_activation_rate": 0.0,
        "floor_over_cap_rate": 0.0,
        "avg_opponent_visible_ev": 0.0,
        "avg_bid_delta": 0.0
      },
      "uncapped": {
        "games": 20,
        "wins": 12,
        "losses": 8,
        "ties": 0,
        "win_rate": 0.6,
        "avg_score": 270.35,
        "avg_score_delta": 79.85,
        "avg_balance_delta": -6.1,
        "bid_decisions": 1892,
        "floor_activation_rate": 0.13742071881606766,
        "floor_over_cap_rate": 0.13742071881606766,
        "avg_opponent_visible_ev": 3.9117336152219875,
        "avg_bid_delta": 0.7727272727272727
      },
      "cap-1": {
        "games": 20,
        "wins": 10,
        "losses": 10,
        "ties": 0,
        "win_rate": 0.5,
        "avg_score": 240.9,
        "avg_score_delta": 22.6,
        "avg_balance_delta": 8.35,
        "bid_decisions": 1919,
        "floor_activation_rate": 0.10005211047420531,
        "floor_over_cap_rate": 0.10005211047420531,
        "avg_opponent_visible_ev": 3.3454924439812403,
        "avg_bid_delta": 0.10005211047420531
      },
      "cap-2": {
        "games": 20,
        "wins": 11,
        "losses": 9,
        "ties": 0,
        "win_rate": 0.55,
        "avg_score": 248.5,
        "avg_score_delta": 25.45,
        "avg_balance_delta": 8.45,
        "bid_decisions": 1944,
        "floor_activation_rate": 0.09979423868312758,
        "floor_over_cap_rate": 0.09979423868312758,
        "avg_opponent_visible_ev": 3.044238683127572,
        "avg_bid_delta": 0.18724279835390947
      },
      "cap-4": {
        "games": 20,
        "wins": 16,
        "losses": 4,
        "ties": 0,
        "win_rate": 0.8,
        "avg_score": 278.85,
        "avg_score_delta": 94.7,
        "avg_balance_delta": 17.8,
        "bid_decisions": 1789,
        "floor_activation_rate": 0.1106763555058692,
        "floor_over_cap_rate": 0.1106763555058692,
        "avg_opponent_visible_ev": 3.598658468418111,
        "avg_bid_delta": 0.34488541084404695
      },
      "cap-8": {
        "games": 20,
        "wins": 16,
        "losses": 4,
        "ties": 0,
        "win_rate": 0.8,
        "avg_score": 273.0,
        "avg_score_delta": 92.7,
        "avg_balance_delta": 1.0,
        "bid_decisions": 1942,
        "floor_activation_rate": 0.13851699279093718,
        "floor_over_cap_rate": 0.13851699279093718,
        "avg_opponent_visible_ev": 3.801750772399588,
        "avg_bid_delta": 0.6740473738414006
      },
      "cap-12": {
        "games": 20,
        "wins": 11,
        "losses": 9,
        "ties": 0,
        "win_rate": 0.55,
        "avg_score": 246.15,
        "avg_score_delta": 29.3,
        "avg_balance_delta": -42.95,
        "bid_decisions": 1971,
        "floor_activation_rate": 0.1430745814307458,
        "floor_over_cap_rate": 0.1430745814307458,
        "avg_opponent_visible_ev": 4.053272450532725,
        "avg_bid_delta": 0.7224759005580923
      }
    }
  },
  "aggregate": {
    "base": {
      "games": 20,
      "wins": 11,
      "losses": 9,
      "ties": 0,
      "avg_score": 230.5,
      "avg_score_delta": 6.85,
      "avg_balance_delta": -5.3,
      "bid_decisions": 2023,
      "floor_activation_rate": 0.0,
      "avg_bid_delta": 0.0,
      "win_rate": 0.55
    },
    "uncapped": {
      "games": 20,
      "wins": 12,
      "losses": 8,
      "ties": 0,
      "avg_score": 270.35,
      "avg_score_delta": 79.85,
      "avg_balance_delta": -6.1,
      "bid_decisions": 1892,
      "floor_activation_rate": 0.13742071881606766,
      "avg_bid_delta": 0.7727272727272727,
      "win_rate": 0.6
    },
    "cap-1": {
      "games": 20,
      "wins": 10,
      "losses": 10,
      "ties": 0,
      "avg_score": 240.9,
      "avg_score_delta": 22.6,
      "avg_balance_delta": 8.35,
      "bid_decisions": 1919,
      "floor_activation_rate": 0.10005211047420531,
      "avg_bid_delta": 0.10005211047420531,
      "win_rate": 0.5
    },
    "cap-2": {
      "games": 20,
      "wins": 11,
      "losses": 9,
      "ties": 0,
      "avg_score": 248.5,
      "avg_score_delta": 25.45,
      "avg_balance_delta": 8.45,
      "bid_decisions": 1944,
      "floor_activation_rate": 0.09979423868312758,
      "avg_bid_delta": 0.18724279835390947,
      "win_rate": 0.55
    },
    "cap-4": {
      "games": 20,
      "wins": 16,
      "losses": 4,
      "ties": 0,
      "avg_score": 278.85,
      "avg_score_delta": 94.7,
      "avg_balance_delta": 17.8,
      "bid_decisions": 1789,
      "floor_activation_rate": 0.1106763555058692,
      "avg_bid_delta": 0.34488541084404695,
      "win_rate": 0.8
    },
    "cap-8": {
      "games": 20,
      "wins": 16,
      "losses": 4,
      "ties": 0,
      "avg_score": 273.0,
      "avg_score_delta": 92.7,
      "avg_balance_delta": 1.0,
      "bid_decisions": 1942,
      "floor_activation_rate": 0.13851699279093718,
      "avg_bid_delta": 0.6740473738414006,
      "win_rate": 0.8
    },
    "cap-12": {
      "games": 20,
      "wins": 11,
      "losses": 9,
      "ties": 0,
      "avg_score": 246.15,
      "avg_score_delta": 29.3,
      "avg_balance_delta": -42.95,
      "bid_decisions": 1971,
      "floor_activation_rate": 0.1430745814307458,
      "avg_bid_delta": 0.7224759005580923,
      "win_rate": 0.55
    }
  }
}