{
  "generatedAt": "2026-06-06T23:28:25.222Z",
  "generation": 1,
  "generations": 1,
  "mode": "evolve",
  "matches": 2,
  "seed": 20260607,
  "playerCount": 6,
  "auctionType": "Vickrey",
  "opponentProfile": "mixed",
  "workers": 2,
  "stats": {
    "fixedOpponentCount": 14,
    "peerOpponentCount": 2,
    "population": 4
  },
  "result": {
    "id": "gen-1-1",
    "config": {
      "bidMultiplier": 2.5853838249575345,
      "firstPriceShade": 0.8283150498755276,
      "maxBidBalanceFraction": 0.6059040312189609,
      "reserveBalance": 43,
      "cashInMinScore": 41,
      "finalDump": true,
      "minBid": 6,
      "endgameMultiplier": 3.2457963950000703,
      "finalAuctionMultiplier": 0,
      "qPenalty": 0.8506979214958846,
      "synergyMultiplier": 2.3447775010950864
    },
    "avgScore": 90,
    "avgRank": 1.5,
    "winRate": 0.5,
    "fitness": 132.5
  },
  "config": {
    "bidMultiplier": 2.5853838249575345,
    "firstPriceShade": 0.8283150498755276,
    "maxBidBalanceFraction": 0.6059040312189609,
    "reserveBalance": 43,
    "cashInMinScore": 41,
    "finalDump": true,
    "minBid": 6,
    "endgameMultiplier": 3.2457963950000703,
    "finalAuctionMultiplier": 0,
    "qPenalty": 0.8506979214958846,
    "synergyMultiplier": 2.3447775010950864
  },
  "top": [
    {
      "id": "gen-1-1",
      "config": {
        "bidMultiplier": 2.5853838249575345,
        "firstPriceShade": 0.8283150498755276,
        "maxBidBalanceFraction": 0.6059040312189609,
        "reserveBalance": 43,
        "cashInMinScore": 41,
        "finalDump": true,
        "minBid": 6,
        "endgameMultiplier": 3.2457963950000703,
        "finalAuctionMultiplier": 0,
        "qPenalty": 0.8506979214958846,
        "synergyMultiplier": 2.3447775010950864
      },
      "avgScore": 90,
      "avgRank": 1.5,
      "winRate": 0.5,
      "fitness": 132.5
    },
    {
      "id": "gen-1-0",
      "config": {
        "bidMultiplier": 1.7671580945141612,
        "firstPriceShade": 0.9272419231012463,
        "maxBidBalanceFraction": 0.7036252698977478,
        "reserveBalance": 11,
        "cashInMinScore": 80,
        "finalDump": true,
        "minBid": 4,
        "endgameMultiplier": 5.406881001777947,
        "finalAuctionMultiplier": 0,
        "qPenalty": 0.562299037259072,
        "synergyMultiplier": 1.7888959185453133
      },
      "avgScore": 63,
      "avgRank": 3,
      "winRate": 0,
      "fitness": -7
    },
    {
      "id": "gen-1-3",
      "config": {
        "bidMultiplier": 1.4017323554493486,
        "firstPriceShade": 0.41918051056563854,
        "maxBidBalanceFraction": 0.15744985211640597,
        "reserveBalance": 17,
        "cashInMinScore": 55,
        "finalDump": true,
        "minBid": 2,
        "endgameMultiplier": 1.2921420335769653,
        "finalAuctionMultiplier": 0,
        "qPenalty": 0.22462749145925046,
        "synergyMultiplier": 1.9282410865882411
      },
      "avgScore": 55,
      "avgRank": 3.5,
      "winRate": 0,
      "fitness": -32.5
    },
    {
      "id": "gen-1-2",
      "config": {
        "bidMultiplier": 2.7037392940372227,
        "firstPriceShade": 0.6487744359765202,
        "maxBidBalanceFraction": 0.21565238935872913,
        "reserveBalance": 22,
        "cashInMinScore": 74,
        "finalDump": true,
        "minBid": 4,
        "endgameMultiplier": 3.0266558106057344,
        "finalAuctionMultiplier": 0,
        "qPenalty": 0.5619422336108982,
        "synergyMultiplier": 1.9790327022550627
      },
      "avgScore": 54,
      "avgRank": 3.5,
      "winRate": 0,
      "fitness": -33.5
    }
  ]
}